Assay_Set,Forward_Primer,Reverse_Primer,Probe,Gene_Target,Reference,Oligo_Type
Acintobacter baumanii,TTTAGCTCGTCGTATTGGACT,CCTCTTGCTGAGGAGTAATTTT,FAM-TGGCAATGCAG ATATCGGTACCCA-NFQ,blaOXA -51-like,"Gadsby et al., 2015 [8]",Standard
Bordetella  holmesii,GGCGACAGCGAGACAGAATC,GCCGCCTTGGCTCACTT,FAM-CGTGCAGATAGGCTT TTAGCTTGAGCGC-NFQ,hIS1001,"Tatti et al., 2011  [9]",Standard
B. parapertussis,TCGAACGCGTGGAATGG,GGCCGTTGGCTTCAAATAGA,FAM-AGACCCAGGGCGCACGCTGTC-NFQ,pIS1001,"Tatti et al., 2011  [9]",Standard
B. pertussis/ Holmesii,CAAGGCCGAACGCTTCAT,GAGTTCTGGTAGGTGTGAGCGTAA,FAM-CAGTCGGCCTT GCGTGAGTGGG-NFQ,IS481,"Tatti et al., 2011  [9]",Standard
B. pertussis/ bronchiseptica/ parapertussis,CGCCAGCTCGTACTTC,GATACGGCCGGCATT,FAM-AATACGTCGAC ACTTATGGCGA-NFQ,ptxS1,"Tatti et al., 2011  [9]",Standard
Escherichia coli,GTCCAAAGCGGCGATTTG,CAGGCCAGAAGTTCTTTTTCCA,FAM-ACGGCAGAGAAGGTA-NFQ,uidA,"Lee et al., 2006 [10]",Standard
Haemophilus influenzae,CTCAGTTTCGTTTTATTACCA,CCAGTAACAACAAGGCTA,FAM-CGCATTCTTCTTCGTC CATAACCTTC-NFQ,BexB,This Study,Standard
H. influenzae,CTGAATTRGGYGATTATCTTTATGA,ACAATCAAAYTCAACHGAAAGHGA,FAM-AGGGATGAAA GCYCGRCTTGCAT-NFQ,BexA,"Maaroufi et al,. 2007 [11]",Standard
H. influenzae,CAAAATTGCCAAGATTAAATGCTT,TGCTCGCCATACTGCACAA,FAM-CCTGCGGTTAAACC-NFQ,IgA1,Olwagen et al. 2017 [4],Standard
"H. influenzae,  type b",TGTTCGCCATAACTTCATCTTAGC,CTTACGCTTCTATCTCGGTGATTAATAA,FAM-CACAAAACTTCTCAT TCTTCGAGCCTA-NFQ,Bcs3`,"Maaroufi et al., 2007 [11]",Standard
Klebsiella pneumoniae,AGGCCGAATATGACGAAT,GGTGATCTGCTCATGAA,FAM-ACTACCGT CACCCGCCACA-BHQ1,gltA,"Gadsby et al., 2015 [8]",Modified (DPO/LNA)
Morexella catarrhalis,CCGCTTTTACAACCACTGCTT,TGTATCGCCTGCCAAGACAA,FAM-CAGCTGTTAGCCAGCC-NFQ,tonB,Olwagen et al. 2017 [4],Standard
Neiserria  Lactamica,TTGCCCGAGAACCATTGTATC,GCGGTTCTTATCACGTTCTATATTTG,FAM-TATTGGAGCGGACTAAA-NFQ,lacZ,Olwagen et al. 2017 [4],Standard
Neiserria meningitidis,GCACACTTAGGTGATTTACCTGCAT,CCACCCGTGTGGATCATAATAGA,FAM-CATGATGGCACAGCA ACAAATCCTGTTT-NFQ,SodC,"Dolan Thomas et al., 2011 [12]",Standard
Pneumocystis jiroveci,CCATCACATCTACGATTAC,GAACGAAATAACCATTGC,FAM-ACTCACATC AACGAGGCGGT BHQ1,Msg-A1,"Jensen, 2002 (Modified) [13]",Modified (DPO/LNA)
Staphylooccus aureus,GCTCAGCAAATGCATCACAAA,CACTATATACTGTTGGATCTTCAGAACCA,FAM-AGATAACGGCGTAAATA-NFQ,Tfp,Olwagen et al. 2017 [4],Standard
Streptococcus pneumoniae,TCTTACGCAATCTAGCAGATGAAGC,GTTGTTTGGTTGGTTATTCGTGC,FAM-TTTGCCGAAAACG CTTGATACAGGG- BHQ1,LytA,"McAvin et al., 2001 [14]",Modified (DPO/LNA)
S. pneumoniae,AGCAGGTGACTGGTAGGTAAC,CTCCTAATGCTGCTCC,FAM-CAGTTGCTT/ZEN/GCG GTGCACTTG-IABkFQ,Xisco,This Study,Modified (DPO/LNA)
S. pneumoniae,AGCGATAGCTTTCTCCAAGTGG,CTTAGCCAACAAATCGTTTACCG,FAM-ACCCCAGCAAT TCAAGTGTTCGCG-NFQ,Ply,Greiner et al.2001 [15],Standard
S. pneumoniae,CATTGGTGGCTTAGTAAGTGCAA,TACTAACACAAGTTC CTGATAAGGCAAGT,FAM-TGTAAGCGG/ZEN/AAAAG CAGGCCTTACCC-IABkFQ,PiaB,Trzciński et al.2013 [16],Modified (DPO/LNA)
S. pyogenes,GCACTCGCTACTATTTCTTACCTCAA,GTCACAATGTCTTGGAAACCAGTAAT,FAM-CCGCAACTCATCAAG GATTTCTGTTACCA-NFQ,Spy,"CDC 2008; Kodani, 2011 [17]",Standard
S. algalactidae,GAACTCTAGTGGCTGGTGCATTG,GGAGTTGTCACTTGATCAGCATGT,FAM-ATTTTCACCAGCTGTATTAG-NFQ,Cfb,CDC [18],Standard
S. oralis,ACCAGCAGATACGAAAGAAGCAT,AGGTTCGGGCAAGCGATCTTTCT,FAM-AAGGCTGCT/ZEN/GTT GCTGAAGAAGT-IABkFQ,gtfR,"Alvarez, 2013 [19]",Modified (DPO/LNA)
Bacterial 16S ribosomal RNA gene,TCCTACGGGAGGCAGCAGT,GGACTACCAGGGTATCTAATCCTGTT,FAM-CGTATTACC/ZEN/GCG GCTGCTGGCAC-IABkFQ,16S,"Nadkarni et al., 2002 [20]",Modified (DPO/LNA)
