1	CGTGCGGTAATTGAAGCTATGA	TGTGGCCCCAGCAACTCT
2	TTATGGACTGGCTGATGGTTCTC	AAATCCTGACCCAATAATAGCCTTT
3	GGTCAGCAGAAAGTATGCATTGG	TCGTTTATCCAGGGTCTGATGA
4	TGGGATGACATTTCTACGCACTA	CCGTCGCTGATGCTTTATCA
5	TTACGGGAGTATCTTATGTCTTTAATGG	CAGCATTCCAGTAGCCTAAAACTAGA
6A/B/C/D (F/G/H)	AAGTTTGCACTAGAGTATGGGAAGGT	ACATTATGTCCRTGTCTTCGATACAAG
6A/C_dpo1	CATTGCTAGAGATGGTTCCTTC	CGATACAAGACCAGTTGC
6A/C_dpo2	AGTTGATATTGATAAAGATTCG	CGATACAAGACCAGTTGC
6A/C_dpo3	GGAGACATGTCCAAACTGGC	CGATACAAGACCAGTTGC
6C/D	TTGGGATGATTGGTCGTATTAG	CTCTTCAATTAGTTCTTCAGTTCG
7A/F	GATGGCATGTGGCAAACCA	TTTGCCCTCCTTAATCATTTCAC
7B/C/40	TCCAGATATAGTCATTCCCAATCAG	AAAGAAGGTAAATCCCATGATGAATT
8	CCACTCATCAGTTTCCCATATGTTT	TCAATAATTGAAGAAGCGAACGTT
9A/L/N/V	TGGAATGGGCAAAGGGTAGTA	TCGGTTCCCCAAGATTTTCTC
9A/V	AGGTATCCTATATACTGCTTTAGG	CGAATCTGCCAATATCTGAAAG
9L/N	CGTGGAATTTTCTATACTGCAATAGG	CTACTGCTACGATACCATATTCTACAG
10A/B_dpo1r1	CCTCTCCTATCAACTAT	AATAACCATAAGTCC
10A/B_dpo1r2	CCTCTCCTATCAACTAT	CTAGATCATTCAAAG
10A/B_dpo2r1	TACTCATTATACTACCT	AATAACCATAAGTCC
10A/B_dpo2r2	TACTCATTATACTACCT	CTAGATCATTCAAAG
10B_dpo1	AAATATGAGATTGGT	GTCTTTTCACTTAAACGAATTCCATTC
10B_dpo2	AAGGAATATTCTGG	GTCTTTTCACTTAAACGAATTCCATTC
10C/F	CGAGTTATGGATGTTCTTATTGGC	CCCAACCCCACTCTGTATTG
11A/B/C/ D/F/(E)	ACCGCATTTCTTATCGCACTATATT	TCTCCTTACCATCAAACATGTTAATCA
11A/D	CGGCCCAGCTACATTTATGG	TGATCATTCACATGCTCACCAA
11B/C	TCAAATTTGGCGTATTGCTTATCA	TGATTATGAGCATAGTTGATCCCC
11F	TGGTCCAGCTACTTTTATGGC	TGATCATTCACATGCTCCCC
12A/B/F/44/ 46	GATTATTCGCTTGCCTCTTCATG	ATAGCCGAAATAAGCTTTCCAGAA
12B	GGTTGCTGATCAAAAGGTCTATG	AGGTTCAAAGTAAGATTTTTAGCAA
13	TCGGATTTAGTAGTAACCCCATTGA	TTCTTGATTGAGGATGCATTTCC
14_rdpo1	CGACTGAAATGTCACTAGGAGAAGAT	AATACAGTCCATCAA
14_rdpo2	CGACTGAAATGTCACTAGGAGAAGAT	TTACTGCAATACTC
15A/B/C/F_rdpo1	TTGAATCAGGTAGATTGATTTCTGCTA	CTCTAGGAATCAAAT
15A/B/C/F_rdpo2	TTGAATCAGGTAGATTGATTTCTGCTA	ACTGAGTCCTAATGA
15A/F	CGTTATTTAGTGAATTGCTATACTC	TCCCTGCAGAATAAGAATCTAC
15B/C	TTTGCTACAGGTTTTAGTATTGAG	AAAGCAATATAAGAGGTATAGTTGG
16A	GCTAGCAGGAACTTTTCTAGGG	TCCCTGTCCAAATCCGAAAC
16F	GCAACTGGTATTTTTGATATTGGAGAA	CAAAGGAATGCCATGCCATA
17A	TGATTATGTCATTCGATTGCTTGG	AAATCCTAAAATTCCTGTTTGAAAAGC
17F_dpo1	GTAAAGATTTCATGT	AGGCGTCCCTGTTTATGAGAAG
17F_dpo2	CCTATAAGGGAGAA	AGGCGTCCCTGTTTATGAGAAG
18A/B/C/F	CCTGTTGTTATTCACGCCTTACG	TTGCACTTCTCGAATAGCCTTACTC
18B/C/F	CAGGATTTCTAACTCTGATTGAA	AGCAAAATCTAACGTCCAGAG
18C/F_dpo1r1	CCAAATTGGAGTGTTTTACAA	TCTTTCAAATACAACT
18C/F_dpo1r2	CCAAATTGGAGTGTTTTACAA	CTTAGATTTCCTTGTG
18C/F_dpo2r1	AGTATTAGCTCGATTTGCTGT	TCTTTCAAATACAACT
18C/F_dpo2r2	AGTATTAGCTCGATTTGCTGT	CTTAGATTTCCTTGTG
18C/F_dpo3r1	ACACGTCGACGCTTCAATTTCAGG	TCTTTCAAATACAACT
18C/F_dpo3r2	ACACGTCGACGCTTCAATTTCAGG	CTTAGATTTCCTTGTG
18F:  16F/18F/28AF	TGGTTTCGGACTCTTTCGTGG	CTAAGATAGAAACTCCTTGTCCAATG
19A	TTCGACGACGTATCAGCTTCA	TCATTGAGAGCCTTAACCTCTTCA
19B/F	GGTCATGCGAGATACGACAGAA	TCCTCATCAGTCCCAACCAATT
19F	CAGGTTCGGGAAATTGCAA	ATCTCTGCGCCATAAGCAATG
20_rdpo1	AAAGATACTGGCTGAGGAGCTATCTATT	AGTCAAAAGTACTCAA
20_rdpo2	AAAGATACTGGCTGAGGAGCTATCTATT	CCATTCTGATATATTC
21	CCATTTGAAGGACCAGTTGTTG	AAAAAGCCACTATCAGGAATACCAA
22A/F_dpo1	TCTATTAAATAACCC	TCGCAATTGAAGACCACATAAACTG
22A/F_dpo2	ATTGGAATTGAAACG	TCGCAATTGAAGACCACATAAACTG
22F	GAAGATTGTCCACCTTATATCC	TCGGCACAATCAAAATATC
23A/B/F	GGTGGACTTTCCGATGCAA	CACTGTCAACAAAAATGAGGTAATCTC
23B	TTGAAGAAATTGCTCCAGAAACAT	CCAAAAGACTAGCCTCAACCACTAA
23F	TGCTATTTGCGATCCTGTTCAT	AGAGCCTCCGTTGTTTCGTAAA
24A	CTTGGAGTTGCTAATTATGGGAAG	ATCTCTTACACGTGCACACTC
24B/F_dpo1	TCTGAAAGTAATTAG	TCCATCTACTTTTAAAATAGCTCCAAC
24B/F_dpo2	TAAGATTAACGGAAG	TCCATCTACTTTTAAAATAGCTCCAAC
25A/F_rdpo1	ATACCAACTAGAATCAGCAGGAC	AAATGGAATATCTTT
25A/F_rdpo2	ATACCAACTAGAATCAGCAGGAC	TGATAATTTACTCGC
25A/F/38	GTCTTACGTAGAACCTCTCTGGATGA	TGGTCCTACAAGCGACATGTG
27	AGCGATTTAGCGACTGATATCC	TCTCAAAATCGATCTCGCGTG
28A/F	CAACTACAGGTATTTTTGATATCGGAG	GTTTACTACGTTTGTGAAGCGC
29	TTCGAGTTGTGCCGTTTTTACA	GGCGTACCCACCTCTAAAATTTT
31	GCAGAAGTTTTAAGTCACGGAC	AGCATTACAGATGTCACTAAGGG
32A/F	GTACTTCCTGTTCTAGGCTTGG	CCCAGAGGAAAATAGCGTCTC
33A/F/37	GGAACTGGTTCAGCAACTATACG	GGTTCTAAGACCGTCTGAAATACC
33B/C	CCTGTTAGTGCACCTGTATTTAAC	GCATTCAAAACTCCTTCATCTCC
33C	CAGAGACAGTTTCAGCAAATCTTAG	AGCCTACACCTCTTATAAACGTTG
33D	CGTATAGTCTTGCGACATTTCA	TTCCACATGCGTTACCTCAC
34/37/17A	GGATACTATGTACGAACAGATGGACTTG	CTCACTAACTCGCCCGAATAAAC
34	CGGTGGAGTAGGTCAAGATG	GTCTGTTCTCCCCAATATACTGAG
35A/C/42	TGTTTCAAGCTTCCCCTTTAGA	AAATGAAATCAAAGTATCACGTATCG
35B	GCATGGAGGTGGAGCATACA	TGTAAAGACTGCACAACTCGATATAAAA
35F/47F_dpo1r1	GTGGTCGTATATACT	ACATACAAATTATCA
35F/47F_dpo1r2	GTGGTCGTATATACT	ACATACAGATAGGTC
35F/47F_dpo2r1	TGATGAATAAATCG	ACATACAAATTATCA
35F/47F_dpo2r2	TGATGAATAAATCG	ACATACAGATAGGTC
36	CTTGTCTATTCAGCCCTTCTGG	CGCGATTATATTGTAAATTGGGAACT
39_dpo1	CAAAAAAATGAACTA	ATACTGTAATTTTCTTGTTTATTTGCGG
39_dpo2	ACTCAAATAGTAACG	ATACTGTAATTTTCTTGTTTATTTGCGG
41A	GCAAATAGATGTATCCCAGTTAACAC	GGTAGCTCTTTTGGTTTAATGTCC
41F	TTTTTGGGAGGAAGTGCTTTT	AACCGCTTTCTCATGATTCATAACT
43	AGAGGCTACATCAAATAGTTGGC	GAATCACACCGTAACTTCCAAAG
45_dpo1	TCTAGCTACTTGACTA	GACGAGTCGATTTCGCTGTAT
45_dpo2	AAATATTTGAACTG	GACGAGTCGATTTCGCTGTAT
46	CGAAGTTTTTATATCTCTATTGGTTTG	TATCCCAGGAACTGGACGAA
47A/F	AGGAATTGGTAGAGAGTTTGTGG	GAAAGTTGAACCATCATCCGTC
48	CAGGTTTTGCTTCATATGGGAG	ATCGGCCAAAAGTTATCATTAGC
19C	AATGGTTTTCAGATTACTTGATAGCTC	CGTTCCTTATGAGAGTGGTCAAG
19F Atypical	GTCCTTAGTTCTGGTTATTCGGG	GGATGAGGAACCGAATCGAAG
